{
    "眼科": [
        "視力模糊",
        "眼睛乾",
        "眼睛癢",
        "看不清楚",
        "近視",
        "飛蚊症",
        "青光眼",
        "白內障",
        "視網膜"
    ],
    "耳鼻喉科": [
        "鼻塞",
        "流鼻水",
        "喉嚨痛",
        "耳鳴",
        "咳嗽",
        "中耳炎",
        "鼻炎",
        "打鼾",
        "聲音沙啞"
    ],
    "小兒科": [
        "小孩",
        "小朋友",
        "兒童",
        "發燒",
        "咳嗽",
        "肚子痛",
        "拉肚子",
        "新生兒",
        "發育"
    ],
    "皮膚科": [
        "紅疹",
        "癢",
        "皮膚痛",
        "脫皮",
        "濕疹",
        "青春痘",
        "皮膚過敏",
        "蕁麻疹",
        "痘痘"
    ],
    "骨科": [
        "背痛",
        "骨折",
        "關節痛",
        "膝蓋痛",
        "運動傷害",
        "脊椎",
        "肩膀痛",
        "扭傷",
        "骨刺"
    ]
}